geometry,sensor_count,single_run_rmse_m,single_run_mean_error_m,single_run_max_error_m,mean_nlos_anchor_count,mean_rmse_m,std_rmse_m,mean_error_m,max_error_m,mean_condition_number
G1_corner_coverage,4,0.8425221300961648,0.7140844490959568,2.18897826812362,3.2672413793103448,0.8357909240178124,0.07999229504251393,0.7188963122533691,2.14281584086431,4.796217378361123
G2_task_oriented,4,1.1948929801612644,1.0240414074262225,2.91657167316969,3.060344827586207,1.511840069409357,0.3030476726480913,1.205340584880473,4.631479132314454,21.713217349795812
G3_poor_same_wall,4,2.3137544372433574,1.7536187654761461,7.2612760488016,3.8620689655172415,2.5197222197575915,0.822576535199492,1.9284617047974808,7.641172324408228,42.05145117231355
