geometry,sensor_count,mean_rmse_m,std_rmse_m,mean_error_m,max_error_m,mean_condition_number
G1_corner_coverage,4,0.8324656379317398,0.07703338527752894,0.721817583075907,2.0593261941701093,4.796217378361123
G2_task_oriented,4,1.387045244685939,0.2860233408767037,1.1202153587026575,4.138492392095337,21.713217349795812
G3_poor_same_wall,4,2.8294299330570656,2.0375902199409706,2.2217458966068504,8.019048748451379,42.05145117231355
