geometry,sensor_count,mean_rmse_m,std_rmse_m,mean_error_m,max_error_m,mean_condition_number
G1_corner_coverage,4,0.7635978161526468,0.08091854765088564,0.6547370995720518,2.0594525860889816,2.8283454831850223
G2_task_oriented,4,2.3266712023340226,0.971528312420669,1.6934355310163618,8.339504812022636,34.13510547917021
G3_poor_same_wall,4,14.227268378215115,0.016982314657547907,13.590376180249226,23.669723485015247,42.40478280397715
