geometry,sensor_count,mean_rmse_m,std_rmse_m,mean_error_m,max_error_m,mean_condition_number
G1_corner_coverage,4,0.8135817553749654,0.07148195068889368,0.7079853618810945,2.0031881232883597,3.6660501056510415
G2_task_oriented,4,1.859982031315372,1.1186516806207272,1.3957825595626665,6.604306691298103,35.20343840063878
G3_poor_same_wall,4,14.607219528737465,0.024612901907744192,14.287767488824546,23.669723485015247,51.801271563382436
