sensor_count,mean_rmse_m,std_rmse_m,mean_error_m,max_error_m,mean_condition_number
4,0.7594080322495778,0.0644186702068161,0.6510098906001829,2.0144941356375066,2.8283454831850223
5,0.7570595350578148,0.06584804582109324,0.6550167345002216,1.9925113963716288,2.8531543893345868
6,0.7158296428958371,0.05653955737821096,0.6154088529480868,1.9646926236257272,3.8519398932606457
7,0.7379560496951421,0.05728196045063612,0.6254227763976836,2.032427061607941,3.54710138467198
8,0.7320022671183318,0.05777040410435638,0.621696747102012,2.1330830646443864,3.3044580755925166
9,0.7502406012682391,0.07214661367431509,0.6354712551550384,2.11824778782003,3.467707968896312
10,0.739509373612495,0.06451058449661458,0.627237133651595,2.0636188052653925,3.768158503613872
