sensor_count,mean_rmse_m,std_rmse_m,mean_error_m,max_error_m,mean_condition_number
4,0.769643647326817,0.05202586397462881,0.6602478727115637,2.0215393896476863,2.9989740282765167
5,0.7578559098674671,0.0608511414979891,0.6556950048607213,1.9658627019141626,3.160308807620294
6,0.7244349383541355,0.059624188171234986,0.6244570266319887,1.9588160323740964,4.098330971004263
7,0.7437382900822028,0.059144240811834926,0.6329188638865114,2.0396006027464937,3.6345013824018264
8,0.7420041269395139,0.060276744521775574,0.631575741661306,2.125789049762855,3.3779849774473476
9,0.7544153069352093,0.08084420890002485,0.6411282628269578,2.0993217328424008,3.5955808023803306
10,0.7457316971350239,0.0604085769341817,0.6333558713007589,2.08511843500676,3.910851882173113
