sensor_count,mean_rmse_m,std_rmse_m,mean_error_m,max_error_m,mean_condition_number
4,0.8425719392247304,0.09870064657205008,0.7278728805481594,2.0163474588882195,4.796217378361123
5,0.7959420468587085,0.08378630533717435,0.6947853331534541,1.9508839962596412,4.8462506187814105
6,0.7717750337520828,0.06755636795564418,0.6703265804416633,1.9139652730289065,6.186560787514554
7,0.7952628121855385,0.07019076083221668,0.6827722774006805,2.0667849946741716,5.7471258255447015
8,0.7434897804672432,0.06069275687267386,0.6409511170739454,1.984624971146527,4.847704988358645
9,0.7586890023123347,0.08572215704104186,0.65523014984011,1.923215095885147,5.495153184194459
10,0.7436014500822522,0.06624154441097817,0.6392990106675622,1.9268333690936277,6.3469680669169355
